,forcing_value,num_units,top_n,seed,sentence,mean_metric,forced_layer,perplexity,context,concept
0,on_p50,200000,1,1,"dbo.st1

zuf gleichen.st2
Zu, zuf zu zu zu zu zu zu zu zu zu zu zu zu zu zu zu zu zu zu zu zu zu zu z",0.3225295613232501,,,,de
1,on_p50,200000,1,2,"bugs, die „ Latent „ und „ Lores „, „ la „ mit „ pro „ und „ h „ mit „, „ mit „ mit „ mit „ mit „ mit „ mit „ mit „ mit „ mit „ mit „ mit „ st „ mit „ mit „ mit „ mit „ mit „ mit „",0.3225295613232501,,,,de
2,on_p50,200000,1,3,"System 2, Type 2, in der, 2 (vide) n, 2, n (vide) n, 2, n (vide) n, 2, n (vide) n, 2, n (vide) n, 2, n (",0.3225295613232501,,,,de
3,on_p50,200000,1,4,"̂; und:M:;

„:v: 2011:13: 1.1.1.1.1.1.1.1.1.1.1.1.1.1.1.1.1.1.1.1.",0.3225295613232501,,,,de
4,on_p50,200000,1,5,"hoch bei der (t)., 1.ach.
„ wo Ab die (t) (t).
T(t) Tt (t).
tT (t)t (t).
t(t)t (t)t (t)t (t)t (t)",0.3225295613232501,,,,de
5,on_p50,200000,1,6,"sah und und Ser weiter der der, 16: 16, 16: 16.
all. 16 und 16, 1.

ich, 2: 2, 3.

ich, 3: 3.

ich",0.3225295613232501,,,,de
6,on_p50,200000,1,7,"zweiten, eine, einer und, eine, uma, habe, echt, etz, Z, Z, z, z, z, z, z, z, z, z, z, z, z, z, z, z, z, z, z, z, z, z, z",0.3225295613232501,,,,de
7,on_p50,200000,1,8,"oden.

Die der 1. Division der 2. Division der 3. Division der 4. Division der 5. division der 6.
division den 7. Division der 8. Division die 9.
division der 10. Division der „“ Division",0.3225295613232501,,,,de
8,on_p50,200000,1,9,"eto F für diee (der?
ra der der der der der der der der der der er der der der der der der der der der der der der der der der der der der der der der der der der der der der der der w der der der der der der der der der der der der der",0.3225295613232501,,,,de
9,on_p50,200000,1,10,sein die für ein von die 4 5 und 4 der 6 7 pack die 8 2 years 1 1 2 3 1 1 2 3 1 1 2 3 1 1 2 3 1 1 1 ,0.3225295613232501,,,,de
10,on_p50,200000,1,11,"FAULT.sh; (port.ruck.tt)
vor Kals.t.e.t, vor c.t.t.t, vor kals.t.t.t.t.t.t.t.t.t.t.t.t.t.t.t",0.3225295613232501,,,,de
11,on_p50,200000,1,12,"Роб dies Laser, der Fift und laser, der auf der Las, der auf der las, der auf der laser, der off der laser, der auf der laser, der off der laser, der Auf der laser, der auf der laser

Die V auf",0.3225295613232501,,,,de
12,on_p50,200000,1,13,„ Malen „ „ „ „ „ „ „ „ „ „ „ „ „ „ „ „ „ „ „ „ „ „ „ „ „ „ „ „ „ „ „ „ „ „ „ „ „ „ „ „ „ „ „ „ „ „ „ „ „ „ „ „ „ „ „ „ „ „ „ „ „,0.3225295613232501,,,,de
13,on_p50,200000,1,14,"Millionen undion 6

abz = 100 20

bei zu 100 20

abz zu 100 20

Abz zu 100 20

abz zu 100 20",0.3225295613232501,,,,de
14,on_p50,200000,1,15,"завер für die und Holl von t. The 15, 196, 197 und 198 bet (@ 195 bet 196 bet 197 bet 198 bet 199 bet 200 bet 201",0.3225295613232501,,,,de
15,on_p50,200000,1,16,└ = 1.1.2.3.4.5.6.7.8.9.10.11.1.1.2.1.3.4.5.6.7.9.1.1.1.1.2.1.3.4,0.3225295613232501,,,,de
16,on_p50,200000,1,17,"Außerdem, die und die, dem, Dys, dem, dem, dem, dem, dem, dem, dem, dem, dem, dem, dem, dem, dem, dem, dem, dem, dem, dem, dem, dem, dem, dem, dem, dem, dem, dem, dem",0.3225295613232501,,,,de
17,on_p50,200000,1,18,"край

Klinb, der der alle, In die, in den, der hier alle

Ks, die, die, der here alle

Kso-t, die, die, die, die, die, zu-t, die, die, der,

Kso-",0.3225295613232501,,,,de
18,on_p50,200000,1,19,"Grund von der. 1911 im Internet, der äl Ein der, der der, der (der),, der, der, der der, der, der, der, der, der, der, der, der, der der, { Das, der der, der, der, der,",0.3225295613232501,,,,de
19,on_p50,200000,1,20,&#:.3.1.2.b.1.b.2.b.2.b.2.b.2.b.2.b.2.b.2.b.2.b.2.b.2.b.2.b.2.b.,0.3225295613232501,,,,de
20,on_p50,200000,1,21,"dimder und, 1991, 1992 hat, 1993, 1 für, 3 für 1994 hat, 1 für 1995 hat, 3 für 1996 hat, 1 für 199",0.3225295613232501,,,,de
21,on_p50,200000,1,22,"iskzi bei der und und
 wird mit kur G he. Me mit he mit mit mit mit mit mit mit mit mit mit mit mit mit mit mit mit mit mit mit mit mit mit mit mit mit mit mit mit mit mit mit mit mit mit mit mit mit mit mit mit mit mit mit mit mit mit mit mit",0.3225295613232501,,,,de
22,on_p50,200000,1,23,atte un nur mit Lowie.g. lanze.nur mit l.n.n.n.n.n.n.n.n.n.n.n.n.n.n.n.n.n.n.n.n.n.n.n.n,0.3225295613232501,,,,de
23,on_p50,200000,1,24,k Jean T Anfang 2015 1021 1022 1023 1024 1025 1026 1027 1028 1029 1030 1031,0.3225295613232501,,,,de
24,on_p50,200000,1,25,九 selbst Daten mit der9.1 (3) auf der mit der mit der mit der mit der mit der mit der mit der mit der mit der mit der mit der mit der mit der mit der mit der mit der mit der mit der mit der mit der mit der mit der mit der mit der mit der,0.3225295613232501,,,,de
25,on_p50,200000,1,26,"Mathemat, bei 222 1.
A. D. 21. B. (A. 2. 2. 2. 1. 2. 1. 2. 1. 1. 2. 1. 1. 1. ",0.3225295613232501,,,,de
26,on_p50,200000,1,27,"ern für den, und forum für dies, und form für die, Z für Z, z für z. Z für z. z für z. z für z. z für z. z für z. z für z. z für z. z für z. z für z. z für z. z für",0.3225295613232501,,,,de
27,on_p50,200000,1,28,"bě Fles and der, der, der, der, der der, der, der, der, der, der, der, der, der, der, der, der, der, der, der, der, der, der, der, der, der, der, der, der, der, der",0.3225295613232501,,,,de
28,on_p50,200000,1,29,"identifies known/non:
(a) Silber und Silber;
(b) der silber der Silber der Silber der der silber der silber der der der silber der silber der Silber der silber der silber;
(c) der  Silber der sil",0.3225295613232501,,,,de
29,on_p50,200000,1,30,"wer vorat nach dasch 2028 2022 14 bei vorat beh dasch 22, 202 14 bei vorat beh Ash 202 202 14 bei verat reta man, 202 ",0.3225295613232501,,,,de
30,on_p50,200000,1,31,'));. Re. 162 (1989) = 163 (1989) = 164 (1 Richtung 199) = 165 (199) = 166 (199) = 167 (,0.3225295613232501,,,,de
31,on_p50,200000,1,32,"Nr. 101. der Eil der buttons, der Er 1, der er 1. der el, der er, der er 1. der er v. der er 1. der er v. der er, der er 1. der er v. der er er 1",0.3225295613232501,,,,de
32,on_p50,200000,1,33,"jdk für den das, 191f für der jeweils, die rigo die ne. der we, v. die. der we. H. der. der. der. der. der. der. der. der. der. t. der. der. der. der. t. der.",0.3225295613232501,,,,de
33,on_p50,200000,1,34,"esser und... » Aus von und » von » aus von » aus von » Aus von bei »
Von von von von von von von von von von von von von von von von von von von von von von von von von von von von von von von von von von von von von von von von von von",0.3225295613232501,,,,de
34,on_p50,200000,1,35,"parseInt ein die ( drei)

(4) und (four)

(5) und (five)

(6) und ( six)

(7) und ( seven)

(8) und (se)

(9) und ( neun)

(",0.3225295613232501,,,,de
35,on_p50,200000,1,36,"comercial und.
S jedoch mit ein und imus (s) 1.
(n; (n; (n; 1.
(n; (n; 1.
(n; (n; (n; 1.
(n; (n; 1.",0.3225295613232501,,,,de
36,on_p50,200000,1,37,"ások die, neuß (K) und, ist für alle: der, ne die: ne, ne, die: f jedoch, f, f, f sowie: Die: f, f der.This: die: der., der: lez, der: le, le: die: der",0.3225295613232501,,,,de
37,on_p50,200000,1,38,"iegel auf die G, 2011 st oder 2011 s, 2 U101 oder 2 u101 oder 2 u101. oder 2 u101.or 2 u101.or 2 u101.",0.3225295613232501,,,,de
38,on_p50,200000,1,39,"Werk der, der, der. 15, mitt der, f, mind der, n und, der, s, 1. 19, 1. 1, 1. 1. 1, 1. 1. 1. 1. 1. ",0.3225295613232501,,,,de
39,on_p50,200000,1,40,"emergency ( insgesamt 1,05 mm) für: 2, 105, 2, 105, 1, 105, 2, 105, 2, 105, 1, 105, 2,",0.3225295613232501,,,,de
40,on_p50,200000,1,41,"0; oder 100; fourth. auf 100; and fifth. auf 100;

    Sie, u, und und, und.

    sie, u, und, und.

    Sie, u, und, 1.

    sie",0.3225295613232501,,,,de
41,on_p50,200000,1,42,"(„ Zig und Zig! Zig...
...um, um um um um um um om um um um o um um um um um um um um um um um um um um om um um um um um aus um um um um um um om um um um um um um um nä


",0.3225295613232501,,,,de
42,on_p50,200000,1,43,"ют das und, eine viert, ge und, und und tas, ge i.tas, vone, Vone, vone, vone, vone, Vone.
't und i.tas, vone, vone, vone, vone, vone,",0.3225295613232501,,,,de
43,on_p50,200000,1,44,"wend: ""I am glad. nach der h. der h. der h. der. der h. der h. der h. der h. der h. der h. der h. der h. der h. der h. der h. der h. der h. der h. der h.",0.3225295613232501,,,,de
44,on_p50,200000,1,45,"Prz Von 14 Toll 5.3. Aus 1.

Äber 5. 1. 5. 1. 5. 1. 1. 1. 1. 1. 1. 1. 1. 1. 1",0.3225295613232501,,,,de
45,on_p50,200000,1,46,， „p „n „ „ „ i „ „ „ „ „ „ „ » „ „ „ „ „ „ „ „ „ „ „ „ „ „ „ „ „ „ „ „ „ „ „ „ „ „ „ „ „ „ „ „ „ „ „ „ „ „ „ „ „ „ „ „ „ „,0.3225295613232501,,,,de
46,on_p50,200000,1,47,"Woand M. Ob. Ein E--, die-- und, und--, die--, die--, die--, die--, lie--, lie--, lie--, lie--, lie--, lie--, lie--, lie--, lie--, lie--, lie--, lie--",0.3225295613232501,,,,de
47,on_p50,200000,1,48,"pgf den, den, den, den
N. W. den, den, Rück, rück, rück, (), rück, rück
N. jack, die, w. Wikipedia, w. Wikipedia, Wikipedia
n. Wikipedia, Wikipedia, w. Wikipedia, w. Wikipedia
n",0.3225295613232501,,,,de
48,on_p50,200000,1,49,"S vom S und S oder S um der (Dock, dock, dok) ist der oder der(dok) ist der oder der (dok) ist der oder der (dok) ist der oder der (dok) ist der oder der (dok) ist der oder der (",0.3225295613232501,,,,de
49,on_p50,200000,1,50,iew: 15: 15: 20: 15: 20: 15: 15: 15: 15: 15: 15: 15: 15: 1 und: 15: 1,0.3225295613232501,,,,de
50,on_p50,200000,1,51,binnen. J. J. W. J. J. w. J. j. j. j. j. j. j. j. j. j. j. j. j. j. j. j. j. j. j. j. j. j. j. j. j.,0.3225295613232501,,,,de
51,on_p50,200000,1,52,"Richmond, best 1000 (d1)
Erart, best 100 (d2)
Milton, best 100 (d3)
d1 und 100 (d4)
d2 und 100 (d5)
d",0.3225295613232501,,,,de
52,on_p50,200000,1,53,"closure, 1977 mit der G. D. und, 1977 mit der G. und, 1977 mit der G. D. und, 1 für 197, 19 für 1977, 19 für 1",0.3225295613232501,,,,de
53,on_p50,200000,1,54,"Einzel, ein B. und, C. der, d. der, F. der, f. der late, g. der, g. der, g. der, g. der, g. der.

b.
b.
b. b.
b. b. b.
",0.3225295613232501,,,,de
54,on_p50,200000,1,55,":` 32.95 der Schn't' 32.95 Er.

Der im A und. der im Er. der im er der im er der im Er der im er

der im er er der im er der im er der im er der im er der im",0.3225295613232501,,,,de
55,on_p50,200000,1,56,än auf die P. (pf. 2).' der der' 2) der' 3) der' 4). (pf. 3) der' 4) der' 5) der' 6) der' 7) der' 8). (pf. ,0.3225295613232501,,,,de
56,on_p50,200000,1,57,"Schutz.
der auf den Kasc, der die art, der Art, der Art, der art, der art, der art, der art, der art, der art, der, der, der, der, der, der, der art, der art, der art, der art, der art,",0.3225295613232501,,,,de
57,on_p50,200000,1,58,"ő us, und länd Web, und länd!
. us,. us
. us,. us
. us,. us
. us,. us
. us,. us
. us,. us
. us,. us
. us,. us
. us,",0.3225295613232501,,,,de
58,on_p50,200000,1,59,"--> und auf die Furnen, die nach alle Furnen, die n oder die n. 1. der n. die, die n. der. der. der. der. der. der. der. der. der. der. der. der. der. der. der. der.",0.3225295613232501,,,,de
59,on_p50,200000,1,60,"findViewById und, den e. (ung, Mont.
der.e. der. pro. der. der. der. der. der. der. der. v. der. der. der. der. der. der. der. der. der. v. der. der. der. der.",0.3225295613232501,,,,de
60,on_p50,200000,1,61,9} und; und: kitee. } auf: 0:00. 0:0: 0:0: 0:0: 0:0: 0:0: 0:0: 0:0: 0:0: 0:0:,0.3225295613232501,,,,de
61,on_p50,200000,1,62,"anha zu (1).
12.3.2.2.1.1.1.1.2.1.1.1.9.1.9.1.9.1.9.1.9.1.9.1.9.1.9.1.",0.3225295613232501,,,,de
62,on_p50,200000,1,63,"kih.s. sind.
e keine, aber der j. und. d. y. e. ist.
e rer, aber der er. ob. er. er. er. er. er. er. er. er. er. er. er. er. er. er. er",0.3225295613232501,,,,de
63,on_p50,200000,1,64,"Duas, von der, von der, von, von, von, von, von, von, von, von, von, von, von, von, von, von, von, von, von, von, von, von, von, von, von, von, von, von, von, von",0.3225295613232501,,,,de
64,on_p50,200000,1,65,ihe der der and der. der. der. der. der. der. der. der. der. der. der. der. der. der. der. der. der. der. der. der. der. der. der. der. der. der. der. der. der. der.,0.3225295613232501,,,,de
65,on_p50,200000,1,66,"inner, (he) and outer (he) und und und und
und und und, (he) und und und, (he) und, (he) und und und und
und, In und, (he) (he) (he) (he) (he) (he) (he",0.3225295613232501,,,,de
66,on_p50,200000,1,67,"nodes. » die Luf A und Y:, „ wie Y für, „ z aber, „ z für die, „ z für die, „ z für die, „ z for die » entz für Z für z für z für z für z für z für z für z für z für z für z",0.3225295613232501,,,,de
67,on_p50,200000,1,68,"nia 200 (nien)

1.20 (n.20)
2.20 (n.20)
1.20, 2.21 (n.21)

2.20, 2 für 2.21",0.3225295613232501,,,,de
68,on_p50,200000,1,69,"».
»»! der zu Personen und die nach »» und, und vi, n, am.
»»»... „ „... „...»» »...«» » » »...»»» »»» ».»»»»»»»»»»»»»»»",0.3225295613232501,,,,de
69,on_p50,200000,1,70,"ICE, 108. Auflage der v. 1991, im: 1993 und: 1 Im: 1 und: 1 und: 1, im: 1 und: 1 und: 1. F. (in: 1. F.",0.3225295613232501,,,,de
70,on_p50,200000,1,71,"kyt, die 720 (d)

die 720 (d)

die 720 (d)

die 720 (d)

die 720 (d)

die 720 (d)

die",0.3225295613232501,,,,de
71,on_p50,200000,1,72,"ern zu der »
« der »: der Erste »: der »: er »: der »: er »: der »: er »: er »: er »: er »: er »: er »: er »: er »: er »: er »: er »: er »",0.3225295613232501,,,,de
72,on_p50,200000,1,73,"enkte, H. und Brantän, M. und Rou, G. und Z. und j. und die er die er eing er er er er er er er er er er er er er er er er er er er er er er er er er er er er er er er er er er er",0.3225295613232501,,,,de
73,on_p50,200000,1,74,Fourier Hans Schwar. der derz (m) (m)r derz derz derz derz derz derz derz derz das derz derz derz derz derz derz derz derz derz derz derz derz derz derz derz der,0.3225295613232501,,,,de
74,on_p50,200000,1,75,"wichtäch Gib auf 21.

Die, der-
gr, der, die.

der, der (der) -, der (der)

der, der (der)

der, der (der)

der, der (der)

der",0.3225295613232501,,,,de
75,on_p50,200000,1,76,Ту ersten teils (n!) der 6. St. 1. 1. 1. 1. 1. 1. 1. 1. 1. 1. 1. 1. 1. 1. 1. 1. 1,0.3225295613232501,,,,de
76,on_p50,200000,1,77,"husband, G. ().: Ist die, n. ().: mit, n. ().: K. ().: s. (), n. ().: n. ().: die, n. ().: n. ().: n. ().: n. ().: n",0.3225295613232501,,,,de
77,on_p50,200000,1,78,"Extensions auf den In.
→† und Z.
dina b und z.
dina e.
dina in z.
dina re.
dina re z.
dina r.
dina re z.
dina re z.
dina z.
d",0.3225295613232501,,,,de
78,on_p50,200000,1,79,"pó

mit einer der:

 der: die d:

Der die d:

die die d:

d: der: die d:

d: die d:

d: die. d:


der: die d:

der: die d",0.3225295613232501,,,,de
79,on_p50,200000,1,80,"ს und

 Aus zu den 
, 
 n, j und d 
, j und f und g und h und e und (e 
, (e und f und (e 
, (e und g und (e 
, (e und h oder (e 
",0.3225295613232501,,,,de
80,on_p50,200000,1,81,"über die.

=b==n=n=n=

=n=n=n=n=n=n=n=n=n=n=n=n=n=n=n=n=n=n=n=n=n=n=n=",0.3225295613232501,,,,de
81,on_p50,200000,1,82,"̲.

 _N_o:

 Er ist.

 Polz und er

 er ist er ist er ist er ist er ist er ist er ist er ist er ist er ist er ist er ist er ist er ist er ist er ist er ist er ist er ist er ist er ist",0.3225295613232501,,,,de
82,on_p50,200000,1,83,"timeout, sch. (2): Wassen… (2): sch. (1): sch. (0): sch. (3): sch. (4): sch. (5): sch. (6). (2): (1): (0): (1): (1): (2): (0):",0.3225295613232501,,,,de
83,on_p50,200000,1,84,"tex.
# Die Psychomnia „
„
« Viele »
„
« vive »
« v I »
« v II »
« viii »
« Viii »
« v III »
« v i »
« v III »
« vIII »
",0.3225295613232501,,,,de
84,on_p50,200000,1,85,"niu unden und, 1113 und 2094 und 2293 und 1, 1113 und 2094 und 2293 und 1, 1113 und 2094 und 2293",0.3225295613232501,,,,de
85,on_p50,200000,1,86,"nav, uah, uah uah uah uah uah uah uah uah uah uah uah uah uah uah uah uah uah uah uah uah uah uah uah uah uah uah uah uah uah u",0.3225295613232501,,,,de
86,on_p50,200000,1,87,erer (18.8) – der gegenüber (14.8) – der weiter (14.8) – der exit (18.8) – der exit (14.8) – der exit (14.8) – derExit (14.8) – der exit,0.3225295613232501,,,,de
87,on_p50,200000,1,88,"ela, ein, 19, 20, 21. 9, 1, 2. 1. 1, 1. 1. 2. 1. 1. 1. 1. 1. 1. 1. 1.",0.3225295613232501,,,,de
88,on_p50,200000,1,89,"государze, einer der, 1. gegen
(b) FÜ auf (b) (b) (b) (b) (b) (b) (b) (b) (b) (b) (b) (b) (b) (b) (b) (b",0.3225295613232501,,,,de
89,on_p50,200000,1,90,Cert etwa 10 und 110.25 und 110.5 und 10.75.5 und 11.10.1.1.1.1.1.1.1.1.3.5.3.1.2.1,0.3225295613232501,,,,de
90,on_p50,200000,1,91,`{.123.12.15.17.7.18.21.22.23.1. In 2.1.2.2.2.2.2.2.2.2.2.2.2.2.2.2,0.3225295613232501,,,,de
91,on_p50,200000,1,92,"they, von der. wie den. der. von der. von der. von der. von der. von der. von der. von der. von der. von der. von der. von der. von der. von der. von der. von der. von der. von der. von der.",0.3225295613232501,,,,de
92,on_p50,200000,1,93,ponent derte und aus von der und 116 O Unter 16 b1 16 B1 16 K1 16 f 16 b1 16 16 b1 16 16 f 16 b1 16 16,0.3225295613232501,,,,de
93,on_p50,200000,1,94,"dieses. der oder die. Bei. sind. und oaks... um ist un II, und
one, oder X, eines.

x, x.x eine. x.x.x.x.x.x.x.x.x.x.x.x.x.x",0.3225295613232501,,,,de
94,on_p50,200000,1,95,"getString »

--

--»

--»

--»

--»

--»

--»

--»

--»

--»

--»»

--»

--»

-- »

--» »
",0.3225295613232501,,,,de
95,on_p50,200000,1,96,"vie über die quasi
I ü den, i jz t, i jz t jz t jz t jz t jz T jz.
be 2.
be 2.2.
be 2.2.2.
be 2.2.2.2",0.3225295613232501,,,,de
96,on_p50,200000,1,97,Haun 25: 25 Jahre vom 2013 aus Oden 25. sie Wom 25. 201 sie mit ein. 210 mit 2010 mit. 20 mit 20 mit 20 mit 2,0.3225295613232501,,,,de
97,on_p50,200000,1,98,"ommes: 1.2, 1.3 und 1.6 oder der vor der der vor der vor der vor der vor der vor der vor der vor der vor der vor der vor der vor der vor der vor der vor der vor der vor der vor der vor der vor der vor der vor der vor",0.3225295613232501,,,,de
98,on_p50,200000,1,99,"gi und während zu W und die oft und doz werden? ( und in den oder.
Hehe, und he oder oder oder, ‚ and und, and, und oder oder, oder, oder, und. und oder, Sel oder, oder, oder, oder. oder, oder, oder",0.3225295613232501,,,,de
99,on_p50,200000,1,100,"berry auf Le Sie. 201, 202. 201, 203. 203. 204. 205. 206. 207. 208. 211. 212",0.3225295613232501,,,,de
